{
  "rules": [
    {
      "ruleName": "Amount_VD_Cust_Acc_Name_1_1_TOLAMT",
      "ruleId": 1,
      "ruleOrder": 1,
      "cardinality": {
        "stmtCardinality": {
          "value": 1,
          "operator": "="
        },
        "cashCardinality": {
          "value": 1,
          "operator": "="
        }
      },
      "filter": {
        "stmtFilterExpression": "payment_reference is not null",
        "cashFilterExpression": "value_date is not null"
      },
      "grouping": [
        {
          "id": 1,
          "stmtcolumn": "payment_reference",
          "cbcolumn": "payment_reference",
          "stexp": "statementside expression?",
          "cbexp": "cashbook side expression?"
        },
        {
          "id": 2,
          "stmtcolumn": "value_date",
          "cbcolumn": "value_date",
          "stexp": "statementside expression2?",
          "cbexp": "Cashbook side expression2"
        }
      ],
      "conditionExpression": "lookup based on cashbook column CUSTOMER_ACCOUNT_NAME and get value",
      "variance": {
        "value": 1,
        "operation": "=",
        "stmtcolumn": "amount",
        "cbcolumn": "amount"
      }
    }
  ]
}